-- phpMyAdmin SQL Dump
-- version 4.8.5
-- https://www.phpmyadmin.net/
--
-- Host: 127.0.0.1
-- Generation Time: Oct 07, 2020 at 11:14 AM
-- Server version: 10.1.39-MariaDB
-- PHP Version: 7.3.5

SET SQL_MODE = "NO_AUTO_VALUE_ON_ZERO";
SET AUTOCOMMIT = 0;
START TRANSACTION;
SET time_zone = "+00:00";


/*!40101 SET @OLD_CHARACTER_SET_CLIENT=@@CHARACTER_SET_CLIENT */;
/*!40101 SET @OLD_CHARACTER_SET_RESULTS=@@CHARACTER_SET_RESULTS */;
/*!40101 SET @OLD_COLLATION_CONNECTION=@@COLLATION_CONNECTION */;
/*!40101 SET NAMES utf8mb4 */;

--
-- Database: `db_kankermulut`
--

-- --------------------------------------------------------

--
-- Table structure for table `tbl_diagnosa`
--

CREATE TABLE `tbl_diagnosa` (
  `id_diagnosa` int(10) NOT NULL,
  `id_user` varchar(225) DEFAULT NULL,
  `kode_gejala` varchar(10) DEFAULT NULL,
  `jawab` enum('','Ya','Tidak') DEFAULT NULL,
  `diagnosa_ke` varchar(10) DEFAULT NULL,
  `tgl_diagnosa` datetime DEFAULT NULL
) ENGINE=MyISAM DEFAULT CHARSET=latin1;

--
-- Dumping data for table `tbl_diagnosa`
--

INSERT INTO `tbl_diagnosa` (`id_diagnosa`, `id_user`, `kode_gejala`, `jawab`, `diagnosa_ke`, `tgl_diagnosa`) VALUES
(391, '10', 'G034', 'Tidak', '2', '2020-09-23 23:03:56'),
(390, '10', 'G033', 'Tidak', '2', '2020-09-23 23:03:54'),
(389, '10', 'G032', 'Tidak', '2', '2020-09-23 23:03:53'),
(388, '10', 'G031', 'Tidak', '2', '2020-09-23 23:03:51'),
(387, '10', 'G030', 'Tidak', '2', '2020-09-23 23:03:49'),
(386, '10', 'G029', 'Tidak', '2', '2020-09-23 23:03:48'),
(400, '10', 'G008', 'Tidak', '3', '2020-09-23 23:05:27'),
(399, '10', 'G007', 'Tidak', '3', '2020-09-23 23:05:25'),
(398, '10', 'G006', 'Tidak', '3', '2020-09-23 23:05:21'),
(397, '10', 'G005', 'Tidak', '3', '2020-09-23 23:04:59'),
(396, '10', 'G004', 'Tidak', '3', '2020-09-23 23:04:57'),
(395, '10', 'G003', 'Tidak', '3', '2020-09-23 23:04:55'),
(385, '10', 'G028', 'Tidak', '2', '2020-09-23 23:03:47'),
(384, '10', 'G027', 'Tidak', '2', '2020-09-23 23:03:45'),
(383, '10', 'G026', 'Tidak', '2', '2020-09-23 23:03:44'),
(394, '10', 'G002', 'Tidak', '3', '2020-09-23 23:04:53'),
(393, '10', 'G001', 'Tidak', '3', '2020-09-23 23:04:51'),
(392, '10', 'G035', 'Tidak', '2', '2020-09-23 23:03:58'),
(382, '10', 'G025', 'Tidak', '2', '2020-09-23 23:03:43'),
(381, '10', 'G024', 'Tidak', '2', '2020-09-23 23:03:41'),
(380, '10', 'G023', 'Tidak', '2', '2020-09-23 23:03:39'),
(379, '10', 'G022', 'Tidak', '2', '2020-09-23 23:03:38'),
(378, '10', 'G021', 'Tidak', '2', '2020-09-23 23:03:36'),
(377, '10', 'G020', 'Tidak', '2', '2020-09-23 23:03:31'),
(376, '10', 'G019', 'Tidak', '2', '2020-09-23 23:03:29'),
(375, '10', 'G018', 'Tidak', '2', '2020-09-23 23:03:27'),
(374, '10', 'G017', 'Tidak', '2', '2020-09-23 23:03:25'),
(373, '10', 'G016', 'Tidak', '2', '2020-09-23 23:03:24'),
(372, '10', 'G015', 'Tidak', '2', '2020-09-23 23:03:22'),
(371, '10', 'G014', 'Tidak', '2', '2020-09-23 23:03:21'),
(370, '10', 'G013', 'Tidak', '2', '2020-09-23 23:03:19'),
(369, '10', 'G012', 'Tidak', '2', '2020-09-23 23:03:16'),
(368, '10', 'G011', 'Tidak', '2', '2020-09-23 23:03:15'),
(367, '10', 'G010', 'Tidak', '2', '2020-09-23 23:03:12'),
(366, '10', 'G009', 'Tidak', '2', '2020-09-23 23:02:59'),
(365, '10', 'G008', 'Tidak', '2', '2020-09-23 23:02:57'),
(364, '10', 'G007', 'Tidak', '2', '2020-09-23 23:02:55'),
(363, '10', 'G006', 'Tidak', '2', '2020-09-23 23:02:53'),
(362, '10', 'G005', 'Tidak', '2', '2020-09-23 23:02:51'),
(361, '10', 'G004', 'Tidak', '2', '2020-09-23 23:02:50'),
(360, '10', 'G003', 'Ya', '2', '2020-09-23 23:02:48'),
(359, '10', 'G002', 'Ya', '2', '2020-09-23 23:02:46'),
(358, '10', 'G001', 'Ya', '2', '2020-09-23 23:02:45'),
(357, '10', 'G035', 'Tidak', '1', '2020-09-23 22:59:37'),
(403, '10', 'G011', 'Tidak', '3', '2020-09-23 23:05:35'),
(402, '10', 'G010', 'Tidak', '3', '2020-09-23 23:05:33'),
(356, '10', 'G034', 'Tidak', '1', '2020-09-23 22:59:35'),
(355, '10', 'G033', 'Tidak', '1', '2020-09-23 22:59:33'),
(401, '10', 'G009', 'Tidak', '3', '2020-09-23 23:05:30'),
(354, '10', 'G032', 'Tidak', '1', '2020-09-23 22:59:31'),
(353, '10', 'G031', 'Tidak', '1', '2020-09-23 22:59:29'),
(352, '10', 'G030', 'Tidak', '1', '2020-09-23 22:59:26'),
(351, '10', 'G029', 'Tidak', '1', '2020-09-23 22:59:24'),
(350, '10', 'G028', 'Tidak', '1', '2020-09-23 22:59:22'),
(349, '10', 'G027', 'Tidak', '1', '2020-09-23 22:59:20'),
(348, '10', 'G026', 'Tidak', '1', '2020-09-23 22:59:19'),
(347, '10', 'G025', 'Tidak', '1', '2020-09-23 22:59:17'),
(346, '10', 'G024', 'Tidak', '1', '2020-09-23 22:59:16'),
(345, '10', 'G023', 'Tidak', '1', '2020-09-23 22:59:14'),
(344, '10', 'G022', 'Tidak', '1', '2020-09-23 22:59:13'),
(343, '10', 'G021', 'Tidak', '1', '2020-09-23 22:59:11'),
(404, '10', 'G012', 'Tidak', '3', '2020-09-23 23:05:36'),
(342, '10', 'G020', 'Tidak', '1', '2020-09-23 22:59:10'),
(341, '10', 'G019', 'Tidak', '1', '2020-09-23 22:59:08'),
(340, '10', 'G018', 'Tidak', '1', '2020-09-23 22:59:07'),
(339, '10', 'G017', 'Tidak', '1', '2020-09-23 22:59:05'),
(338, '10', 'G016', 'Tidak', '1', '2020-09-23 22:59:04'),
(337, '10', 'G015', 'Tidak', '1', '2020-09-23 22:59:02'),
(336, '10', 'G014', 'Tidak', '1', '2020-09-23 22:59:00'),
(335, '10', 'G013', 'Tidak', '1', '2020-09-23 22:58:58'),
(334, '10', 'G012', 'Tidak', '1', '2020-09-23 22:58:56'),
(333, '10', 'G011', 'Tidak', '1', '2020-09-23 22:58:53'),
(332, '10', 'G010', 'Tidak', '1', '2020-09-23 22:58:51'),
(331, '10', 'G009', 'Tidak', '1', '2020-09-23 22:58:50'),
(330, '10', 'G008', 'Tidak', '1', '2020-09-23 22:58:49'),
(329, '10', 'G007', 'Tidak', '1', '2020-09-23 22:58:47'),
(328, '10', 'G006', 'Tidak', '1', '2020-09-23 22:58:45'),
(327, '10', 'G005', 'Tidak', '1', '2020-09-23 22:58:44'),
(326, '10', 'G004', 'Tidak', '1', '2020-09-23 22:58:42'),
(325, '10', 'G003', 'Ya', '1', '2020-09-23 22:58:41'),
(324, '10', 'G002', 'Ya', '1', '2020-09-23 22:58:22'),
(323, '10', 'G001', 'Ya', '1', '2020-09-23 22:58:20'),
(421, '10', 'G029', 'Tidak', '3', '2020-09-23 23:06:02'),
(420, '10', 'G028', 'Tidak', '3', '2020-09-23 23:06:01'),
(419, '10', 'G027', 'Tidak', '3', '2020-09-23 23:06:00'),
(418, '10', 'G026', 'Tidak', '3', '2020-09-23 23:05:58'),
(417, '10', 'G025', 'Tidak', '3', '2020-09-23 23:05:57'),
(416, '10', 'G024', 'Tidak', '3', '2020-09-23 23:05:56'),
(415, '10', 'G023', 'Ya', '3', '2020-09-23 23:05:54'),
(414, '10', 'G022', 'Tidak', '3', '2020-09-23 23:05:51'),
(413, '10', 'G021', 'Tidak', '3', '2020-09-23 23:05:49'),
(412, '10', 'G020', 'Tidak', '3', '2020-09-23 23:05:48'),
(411, '10', 'G019', 'Tidak', '3', '2020-09-23 23:05:46'),
(410, '10', 'G018', 'Tidak', '3', '2020-09-23 23:05:45'),
(409, '10', 'G017', 'Tidak', '3', '2020-09-23 23:05:44'),
(408, '10', 'G016', 'Tidak', '3', '2020-09-23 23:05:42'),
(407, '10', 'G015', 'Tidak', '3', '2020-09-23 23:05:41'),
(406, '10', 'G014', 'Tidak', '3', '2020-09-23 23:05:39'),
(405, '10', 'G013', 'Tidak', '3', '2020-09-23 23:05:38'),
(422, '10', 'G030', 'Tidak', '3', '2020-09-23 23:06:03'),
(423, '10', 'G031', 'Tidak', '3', '2020-09-23 23:06:05'),
(424, '10', 'G032', 'Tidak', '3', '2020-09-23 23:06:06'),
(425, '10', 'G033', 'Tidak', '3', '2020-09-23 23:06:07'),
(426, '10', 'G034', 'Tidak', '3', '2020-09-23 23:06:08'),
(427, '10', 'G035', 'Tidak', '3', '2020-09-23 23:06:10'),
(428, '10', 'G001', 'Ya', '4', '2020-09-23 23:09:08'),
(429, '10', 'G002', 'Ya', '4', '2020-09-23 23:09:10'),
(430, '10', 'G003', 'Ya', '4', '2020-09-23 23:09:12'),
(431, '10', 'G004', 'Tidak', '4', '2020-09-23 23:09:13'),
(432, '10', 'G005', 'Tidak', '4', '2020-09-23 23:09:16'),
(433, '10', 'G006', 'Tidak', '4', '2020-09-23 23:09:17'),
(434, '10', 'G007', 'Tidak', '4', '2020-09-23 23:09:20'),
(435, '10', 'G008', 'Tidak', '4', '2020-09-23 23:09:22'),
(436, '10', 'G009', 'Tidak', '4', '2020-09-23 23:09:23'),
(437, '10', 'G010', 'Tidak', '4', '2020-09-23 23:09:25'),
(438, '10', 'G011', 'Tidak', '4', '2020-09-23 23:09:27'),
(439, '10', 'G012', 'Tidak', '4', '2020-09-23 23:09:29'),
(440, '10', 'G013', 'Tidak', '4', '2020-09-23 23:09:30'),
(441, '10', 'G014', 'Tidak', '4', '2020-09-23 23:09:32'),
(442, '10', 'G015', 'Tidak', '4', '2020-09-23 23:09:34'),
(443, '10', 'G016', 'Tidak', '4', '2020-09-23 23:09:36'),
(444, '10', 'G017', 'Tidak', '4', '2020-09-23 23:09:38'),
(445, '10', 'G018', 'Tidak', '4', '2020-09-23 23:09:43'),
(446, '10', 'G019', 'Tidak', '4', '2020-09-23 23:09:45'),
(447, '10', 'G020', 'Tidak', '4', '2020-09-23 23:09:51'),
(448, '10', 'G021', 'Tidak', '4', '2020-09-23 23:09:55'),
(449, '10', 'G022', 'Tidak', '4', '2020-09-23 23:09:56'),
(450, '10', 'G023', 'Tidak', '4', '2020-09-23 23:09:58'),
(451, '10', 'G024', 'Tidak', '4', '2020-09-23 23:10:00'),
(452, '10', 'G025', 'Tidak', '4', '2020-09-23 23:10:02'),
(453, '10', 'G026', 'Tidak', '4', '2020-09-23 23:10:04'),
(454, '10', 'G027', 'Tidak', '4', '2020-09-23 23:10:06'),
(455, '10', 'G028', 'Tidak', '4', '2020-09-23 23:10:09'),
(456, '10', 'G029', 'Tidak', '4', '2020-09-23 23:10:11'),
(457, '10', 'G030', 'Tidak', '4', '2020-09-23 23:10:13'),
(458, '10', 'G031', 'Tidak', '4', '2020-09-23 23:10:15'),
(459, '10', 'G032', 'Tidak', '4', '2020-09-23 23:10:16'),
(460, '10', 'G033', 'Tidak', '4', '2020-09-23 23:10:18'),
(461, '10', 'G034', 'Tidak', '4', '2020-09-23 23:10:20'),
(462, '10', 'G035', 'Tidak', '4', '2020-09-23 23:10:22'),
(463, '10', 'G001', 'Ya', '5', '2020-09-24 08:52:33'),
(464, '10', 'G002', 'Ya', '5', '2020-09-24 08:52:36'),
(465, '10', 'G003', 'Ya', '5', '2020-09-24 08:52:38'),
(466, '10', 'G004', 'Ya', '5', '2020-09-24 08:52:41'),
(467, '10', 'G005', 'Tidak', '5', '2020-09-24 08:52:43'),
(468, '10', 'G006', 'Tidak', '5', '2020-09-24 08:52:46'),
(469, '10', 'G007', 'Tidak', '5', '2020-09-24 08:52:48'),
(470, '10', 'G008', 'Tidak', '5', '2020-09-24 08:52:50'),
(471, '10', 'G009', 'Tidak', '5', '2020-09-24 08:52:52'),
(472, '10', 'G010', 'Tidak', '5', '2020-09-24 08:52:54'),
(473, '10', 'G011', 'Tidak', '5', '2020-09-24 08:52:55'),
(474, '10', 'G012', 'Tidak', '5', '2020-09-24 08:52:56'),
(475, '10', 'G013', 'Tidak', '5', '2020-09-24 08:52:59'),
(476, '10', 'G014', 'Tidak', '5', '2020-09-24 08:53:00'),
(477, '10', 'G015', 'Tidak', '5', '2020-09-24 08:53:01'),
(478, '10', 'G016', 'Tidak', '5', '2020-09-24 08:53:03'),
(479, '10', 'G017', 'Tidak', '5', '2020-09-24 08:53:05'),
(480, '10', 'G018', 'Tidak', '5', '2020-09-24 08:53:07'),
(481, '10', 'G019', 'Tidak', '5', '2020-09-24 08:53:08'),
(482, '10', 'G020', 'Tidak', '5', '2020-09-24 08:53:09'),
(483, '10', 'G021', 'Tidak', '5', '2020-09-24 08:53:12'),
(484, '10', 'G022', 'Tidak', '5', '2020-09-24 08:53:13'),
(485, '10', 'G023', 'Tidak', '5', '2020-09-24 08:53:14'),
(486, '10', 'G024', 'Tidak', '5', '2020-09-24 08:53:16'),
(487, '10', 'G025', 'Tidak', '5', '2020-09-24 08:53:17'),
(488, '10', 'G026', 'Tidak', '5', '2020-09-24 08:53:20'),
(489, '10', 'G027', 'Tidak', '5', '2020-09-24 08:53:21'),
(490, '10', 'G028', 'Tidak', '5', '2020-09-24 08:53:23'),
(491, '10', 'G029', 'Tidak', '5', '2020-09-24 08:53:26'),
(492, '10', 'G030', 'Tidak', '5', '2020-09-24 08:53:28'),
(493, '10', 'G031', 'Tidak', '5', '2020-09-24 08:53:29'),
(494, '10', 'G032', 'Tidak', '5', '2020-09-24 08:53:32'),
(495, '10', 'G033', 'Tidak', '5', '2020-09-24 08:53:33'),
(496, '10', 'G034', 'Tidak', '5', '2020-09-24 08:53:35'),
(497, '10', 'G035', 'Tidak', '5', '2020-09-24 08:53:36'),
(498, '10', 'G001', 'Ya', '6', '2020-09-24 08:55:20'),
(499, '10', 'G002', 'Ya', '6', '2020-09-24 08:55:26'),
(500, '10', 'G003', 'Ya', '6', '2020-09-24 08:55:27'),
(501, '10', 'G004', 'Tidak', '6', '2020-09-24 08:55:30'),
(502, '10', 'G005', 'Tidak', '6', '2020-09-24 08:55:31'),
(503, '10', 'G006', 'Tidak', '6', '2020-09-24 08:55:33'),
(504, '10', 'G007', 'Tidak', '6', '2020-09-24 08:55:34'),
(505, '10', 'G008', 'Tidak', '6', '2020-09-24 08:55:36'),
(506, '10', 'G009', 'Tidak', '6', '2020-09-24 08:55:40'),
(507, '10', 'G010', 'Tidak', '6', '2020-09-24 08:55:42'),
(508, '10', 'G011', 'Tidak', '6', '2020-09-24 08:55:44'),
(509, '10', 'G012', 'Tidak', '6', '2020-09-24 08:55:45'),
(510, '10', 'G013', 'Tidak', '6', '2020-09-24 08:55:51'),
(511, '10', 'G014', 'Tidak', '6', '2020-09-24 08:55:54'),
(512, '10', 'G015', 'Tidak', '6', '2020-09-24 08:55:55'),
(513, '10', 'G016', 'Tidak', '6', '2020-09-24 08:55:57'),
(514, '10', 'G017', 'Tidak', '6', '2020-09-24 08:55:59'),
(515, '10', 'G018', 'Tidak', '6', '2020-09-24 08:56:01'),
(516, '10', 'G019', 'Tidak', '6', '2020-09-24 08:56:03'),
(517, '10', 'G020', 'Tidak', '6', '2020-09-24 08:56:04'),
(518, '10', 'G021', 'Tidak', '6', '2020-09-24 08:56:06'),
(519, '10', 'G022', 'Tidak', '6', '2020-09-24 08:56:08'),
(520, '10', 'G023', 'Tidak', '6', '2020-09-24 08:56:09'),
(521, '10', 'G024', 'Tidak', '6', '2020-09-24 08:56:10'),
(522, '10', 'G025', 'Tidak', '6', '2020-09-24 08:56:12'),
(523, '10', 'G026', 'Tidak', '6', '2020-09-24 08:56:14'),
(524, '10', 'G027', 'Tidak', '6', '2020-09-24 08:56:15'),
(525, '10', 'G028', 'Tidak', '6', '2020-09-24 08:56:17'),
(526, '10', 'G029', 'Tidak', '6', '2020-09-24 08:56:18'),
(527, '10', 'G030', 'Tidak', '6', '2020-09-24 08:56:20'),
(528, '10', 'G031', 'Tidak', '6', '2020-09-24 08:56:22'),
(529, '10', 'G032', 'Tidak', '6', '2020-09-24 08:56:24'),
(530, '10', 'G033', 'Tidak', '6', '2020-09-24 08:56:26'),
(531, '10', 'G034', 'Tidak', '6', '2020-09-24 08:56:28'),
(532, '10', 'G035', 'Tidak', '6', '2020-09-24 08:56:30'),
(533, '10', 'G001', 'Tidak', '7', '2020-09-24 08:57:36'),
(534, '10', 'G002', 'Tidak', '7', '2020-09-24 08:57:39'),
(535, '10', 'G003', 'Tidak', '7', '2020-09-24 08:57:40'),
(536, '10', 'G004', 'Tidak', '7', '2020-09-24 08:57:42'),
(537, '10', 'G005', 'Tidak', '7', '2020-09-24 08:57:44'),
(538, '10', 'G006', 'Tidak', '7', '2020-09-24 08:57:45'),
(539, '10', 'G007', 'Ya', '7', '2020-09-24 08:57:48'),
(540, '10', 'G008', 'Ya', '7', '2020-09-24 08:57:49'),
(541, '10', 'G001', 'Tidak', '8', '2020-09-24 08:58:02'),
(542, '10', 'G002', 'Tidak', '8', '2020-09-24 08:58:04'),
(543, '10', 'G003', 'Tidak', '8', '2020-09-24 08:58:06'),
(544, '10', 'G004', 'Tidak', '8', '2020-09-24 08:58:08'),
(545, '10', 'G005', 'Tidak', '8', '2020-09-24 08:58:13'),
(546, '10', 'G006', 'Tidak', '8', '2020-09-24 08:58:15'),
(547, '10', 'G007', 'Tidak', '8', '2020-09-24 08:58:17'),
(548, '10', 'G008', 'Tidak', '8', '2020-09-24 08:58:20'),
(549, '10', 'G009', 'Tidak', '7', '2020-09-24 08:58:22'),
(550, '10', 'G010', 'Tidak', '7', '2020-09-24 08:58:23'),
(551, '10', 'G011', 'Tidak', '7', '2020-09-24 08:58:24'),
(552, '10', 'G012', 'Tidak', '7', '2020-09-24 08:58:26'),
(553, '10', 'G013', 'Tidak', '7', '2020-09-24 08:58:30'),
(554, '10', 'G014', 'Tidak', '7', '2020-09-24 08:58:35'),
(555, '10', 'G015', 'Tidak', '7', '2020-09-24 08:58:37'),
(556, '10', 'G016', 'Tidak', '7', '2020-09-24 08:58:38'),
(557, '10', 'G017', 'Tidak', '7', '2020-09-24 08:58:42'),
(558, '10', 'G018', 'Tidak', '7', '2020-09-24 08:58:44'),
(559, '10', 'G019', 'Tidak', '7', '2020-09-24 08:58:45'),
(560, '10', 'G020', 'Tidak', '7', '2020-09-24 08:58:47'),
(561, '10', 'G021', 'Tidak', '7', '2020-09-24 08:58:48'),
(562, '10', 'G022', 'Tidak', '7', '2020-09-24 08:58:49'),
(563, '10', 'G023', 'Tidak', '7', '2020-09-24 08:58:51'),
(564, '10', 'G024', 'Tidak', '7', '2020-09-24 08:58:55'),
(565, '10', 'G025', 'Tidak', '7', '2020-09-24 08:58:58'),
(566, '10', 'G026', 'Tidak', '7', '2020-09-24 08:59:00'),
(567, '10', 'G027', 'Tidak', '7', '2020-09-24 08:59:01'),
(568, '10', 'G028', 'Tidak', '7', '2020-09-24 08:59:05'),
(569, '10', 'G029', 'Tidak', '7', '2020-09-24 08:59:06'),
(570, '10', 'G030', 'Tidak', '7', '2020-09-24 08:59:08'),
(571, '10', 'G031', 'Tidak', '7', '2020-09-24 08:59:10'),
(572, '10', 'G032', 'Tidak', '7', '2020-09-24 08:59:11'),
(573, '10', 'G033', 'Tidak', '7', '2020-09-24 08:59:15'),
(574, '10', 'G034', 'Tidak', '7', '2020-09-24 08:59:16'),
(575, '10', 'G035', 'Tidak', '7', '2020-09-24 08:59:18'),
(576, '10', 'G001', 'Tidak', '9', '2020-09-24 09:27:41'),
(577, '10', 'G002', 'Tidak', '9', '2020-09-24 09:27:44'),
(578, '10', 'G003', 'Tidak', '9', '2020-09-24 09:27:45'),
(579, '10', 'G004', 'Ya', '9', '2020-09-24 09:27:48'),
(580, '10', 'G005', 'Tidak', '9', '2020-09-24 09:27:50'),
(581, '10', 'G006', 'Tidak', '9', '2020-09-24 09:27:52'),
(582, '10', 'G007', 'Tidak', '9', '2020-09-24 09:27:53'),
(583, '10', 'G008', 'Tidak', '9', '2020-09-24 09:27:56'),
(584, '10', 'G009', 'Tidak', '8', '2020-09-24 09:27:58'),
(585, '10', 'G010', 'Tidak', '8', '2020-09-24 09:28:04'),
(586, '10', 'G010', 'Tidak', '9', '2020-09-24 09:28:04'),
(587, '10', 'G011', 'Tidak', '8', '2020-09-24 09:28:05'),
(588, '10', 'G012', 'Tidak', '8', '2020-09-24 09:28:07'),
(589, '10', 'G013', 'Tidak', '8', '2020-09-24 09:28:08'),
(590, '10', 'G014', 'Tidak', '8', '2020-09-24 09:28:10'),
(591, '10', 'G015', 'Tidak', '8', '2020-09-24 09:28:12'),
(592, '10', 'G016', 'Tidak', '8', '2020-09-24 09:28:14'),
(593, '10', 'G017', 'Tidak', '8', '2020-09-24 09:28:15'),
(594, '10', 'G018', 'Tidak', '8', '2020-09-24 09:28:17'),
(595, '10', 'G019', 'Tidak', '8', '2020-09-24 09:28:18'),
(596, '10', 'G020', 'Tidak', '8', '2020-09-24 09:28:20'),
(597, '10', 'G021', 'Tidak', '8', '2020-09-24 09:28:22'),
(598, '10', 'G022', 'Tidak', '8', '2020-09-24 09:28:23'),
(599, '10', 'G023', 'Tidak', '8', '2020-09-24 09:28:25'),
(600, '10', 'G024', 'Tidak', '8', '2020-09-24 09:28:26'),
(601, '10', 'G025', 'Tidak', '8', '2020-09-24 09:28:28'),
(602, '10', 'G026', 'Tidak', '8', '2020-09-24 09:28:29'),
(603, '10', 'G027', 'Tidak', '8', '2020-09-24 09:28:31'),
(604, '10', 'G028', 'Tidak', '8', '2020-09-24 09:28:32'),
(605, '10', 'G029', 'Tidak', '8', '2020-09-24 09:28:34'),
(606, '10', 'G030', 'Tidak', '8', '2020-09-24 09:28:36'),
(607, '10', 'G031', 'Tidak', '8', '2020-09-24 09:28:41'),
(608, '10', 'G032', 'Tidak', '8', '2020-09-24 09:28:43'),
(609, '10', 'G033', 'Tidak', '8', '2020-09-24 09:28:47'),
(610, '10', 'G034', 'Tidak', '8', '2020-09-24 09:28:49'),
(611, '10', 'G035', 'Tidak', '8', '2020-09-24 09:28:51'),
(612, '10', 'G001', 'Tidak', '10', '2020-09-24 09:29:23'),
(613, '10', 'G002', 'Tidak', '10', '2020-09-24 09:29:25'),
(614, '10', 'G003', 'Tidak', '10', '2020-09-24 09:29:27'),
(615, '10', 'G004', 'Ya', '10', '2020-09-24 09:29:29'),
(616, '10', 'G005', 'Tidak', '10', '2020-09-24 09:29:31'),
(617, '10', 'G006', 'Tidak', '10', '2020-09-24 09:29:32'),
(618, '10', 'G007', 'Tidak', '10', '2020-09-24 09:29:34'),
(619, '10', 'G008', 'Tidak', '10', '2020-09-24 09:29:36'),
(620, '10', 'G009', 'Tidak', '9', '2020-09-24 09:29:39'),
(621, '10', 'G010', 'Tidak', '10', '2020-09-24 09:29:41'),
(622, '10', 'G011', 'Tidak', '9', '2020-09-24 09:29:43'),
(623, '10', 'G012', 'Tidak', '9', '2020-09-24 09:29:45'),
(624, '10', 'G013', 'Tidak', '9', '2020-09-24 09:29:46'),
(625, '10', 'G014', 'Tidak', '9', '2020-09-24 09:29:47'),
(626, '10', 'G015', 'Tidak', '9', '2020-09-24 09:29:49'),
(627, '10', 'G016', 'Tidak', '9', '2020-09-24 09:29:50'),
(628, '10', 'G017', 'Tidak', '9', '2020-09-24 09:29:52'),
(629, '10', 'G018', 'Tidak', '9', '2020-09-24 09:29:53'),
(630, '10', 'G019', 'Tidak', '9', '2020-09-24 09:29:55'),
(631, '10', 'G020', 'Tidak', '9', '2020-09-24 09:29:56'),
(632, '10', 'G021', 'Tidak', '9', '2020-09-24 09:29:58'),
(633, '10', 'G022', 'Tidak', '9', '2020-09-24 09:29:59'),
(634, '10', 'G023', 'Tidak', '9', '2020-09-24 09:30:01'),
(635, '10', 'G024', 'Tidak', '9', '2020-09-24 09:30:02'),
(636, '10', 'G025', 'Tidak', '9', '2020-09-24 09:30:04'),
(637, '10', 'G026', 'Tidak', '9', '2020-09-24 09:30:06'),
(638, '10', 'G027', 'Tidak', '9', '2020-09-24 09:30:07'),
(639, '10', 'G028', 'Tidak', '9', '2020-09-24 09:30:09'),
(640, '10', 'G029', 'Tidak', '9', '2020-09-24 09:30:10'),
(641, '10', 'G030', 'Tidak', '9', '2020-09-24 09:30:12'),
(642, '10', 'G031', 'Tidak', '9', '2020-09-24 09:30:13'),
(643, '10', 'G032', 'Tidak', '9', '2020-09-24 09:30:15'),
(644, '10', 'G033', 'Tidak', '9', '2020-09-24 09:30:17'),
(645, '10', 'G034', 'Tidak', '9', '2020-09-24 09:30:20'),
(646, '10', 'G035', 'Tidak', '9', '2020-09-24 09:30:23');

-- --------------------------------------------------------

--
-- Table structure for table `tbl_gejala`
--

CREATE TABLE `tbl_gejala` (
  `kode_gejala` varchar(10) NOT NULL,
  `nama_gejala` text,
  `tgl_gejala` datetime DEFAULT NULL
) ENGINE=MyISAM DEFAULT CHARSET=latin1;

--
-- Dumping data for table `tbl_gejala`
--

INSERT INTO `tbl_gejala` (`kode_gejala`, `nama_gejala`, `tgl_gejala`) VALUES
('G025', 'rumah, roller dan bosh roller rusak', '2020-09-23 22:36:20'),
('G026', 'vanbelt putus', '2020-09-23 22:36:25'),
('G022', 'kipas radiator rusak', '2020-09-23 22:35:53'),
('G021', 'kurang optimal pendinginan cairan di dalam radiator', '2020-09-23 22:35:48'),
('G024', 'roller hancur sehingga terdengar bunyi &quot;ngelitik&quot;', '2020-09-23 22:36:12'),
('G023', 'kebocoran pada manifold', '2020-09-23 22:35:59'),
('G020', 'adanya bearing pompa yang rusak', '2020-09-23 22:35:31'),
('G019', 'ada suara gemeletuk pada sector stang', '2020-09-23 22:35:23'),
('G018', 'stang susah dikendalikan', '2020-09-23 22:35:15'),
('G001', 'tarikan berat', '2020-09-23 22:33:47'),
('G002', 'bahan bakar boros', '2020-09-23 22:33:53'),
('G003', 'mesin motor sulit dinyalakan', '2020-09-23 22:33:59'),
('G004', 'delayed', '2020-09-23 22:34:04'),
('G005', 'akselerasi berkurang', '2020-09-23 22:34:09'),
('G006', 'busi kehitaman', '2020-09-23 22:34:13'),
('G007', 'aki soak', '2020-09-23 22:34:16'),
('G008', 'kelistrikan terganggu', '2020-09-23 22:34:20'),
('G009', 'keluar asap putih', '2020-09-23 22:34:26'),
('G010', 'oli mesin boros', '2020-09-23 22:34:29'),
('G011', 'los power', '2020-09-23 22:34:33'),
('G012', 'mesin susah hidup', '2020-09-23 22:34:38'),
('G013', 'rem bergetar', '2020-09-23 22:34:42'),
('G014', 'rem keras saat ditarik', '2020-09-23 22:34:47'),
('G015', 'rem tidak pakem', '2020-09-23 22:34:55'),
('G016', 'rem menjadi lebih dalam', '2020-09-23 22:35:02'),
('G017', 'putaran stir menjadi berat saat bermanuver', '2020-09-23 22:35:10'),
('G027', 'gigi vanbelt mulai retak', '2020-09-23 22:36:32'),
('G028', 'vanbelt melar', '2020-09-23 22:36:40'),
('G029', 'shockbreaker bocor karena seal yang sobek', '2020-09-23 22:36:48'),
('G030', 'shockbreaker terasa keras', '2020-09-23 22:36:54'),
('G031', 'batang as shockbreaker bengkok', '2020-09-23 22:37:01'),
('G032', 'kembangan mulai habis sehingga ban licin', '2020-09-23 22:37:09'),
('G033', 'ban bocor', '2020-09-23 22:37:11'),
('G034', 'seal ban rusak mengakibatkan ban kempos bagi ban tubles', '2020-09-23 22:37:23'),
('G035', 'ban melendung karena sering kepanas', '2020-09-23 22:37:32');

-- --------------------------------------------------------

--
-- Table structure for table `tbl_pakar`
--

CREATE TABLE `tbl_pakar` (
  `id_pakar` int(11) NOT NULL,
  `nama` varchar(100) DEFAULT NULL,
  `username` varchar(100) DEFAULT NULL,
  `password` text
) ENGINE=MyISAM DEFAULT CHARSET=latin1;

--
-- Dumping data for table `tbl_pakar`
--

INSERT INTO `tbl_pakar` (`id_pakar`, `nama`, `username`, `password`) VALUES
(1, 'Admin Pakar', 'admin', 'admin');

-- --------------------------------------------------------

--
-- Table structure for table `tbl_penyakit`
--

CREATE TABLE `tbl_penyakit` (
  `kode_penyakit` varchar(10) NOT NULL,
  `nama_penyakit` text,
  `keterangan` text,
  `tgl_penyakit` datetime DEFAULT NULL
) ENGINE=MyISAM DEFAULT CHARSET=latin1;

--
-- Dumping data for table `tbl_penyakit`
--

INSERT INTO `tbl_penyakit` (`kode_penyakit`, `nama_penyakit`, `keterangan`, `tgl_penyakit`) VALUES
('P013', 'Injector', 'injector bermasalah', '2020-09-24 08:54:32'),
('P012', 'Ban', 'ban bermasalah', '2020-09-23 22:39:39'),
('P011', 'Shockbreaker', 'shockbreaker bermasalah', '2020-09-23 22:39:35'),
('P010', 'Vanbelt', 'vanbelt bermasalah', '2020-09-23 22:39:21'),
('P001', 'Injector1', 'Injector bermasalah', '2020-09-23 22:38:11'),
('P002', 'Busi', 'busi bermasalah\r\n', '2020-09-23 22:38:19'),
('P003', 'Aki', 'aki bermasalah', '2020-09-23 22:38:27'),
('P004', 'Ring piston', 'ring piston bermasalah', '2020-09-23 22:38:35'),
('P005', 'Rem cakram', 'rem cakram bermasalah', '2020-09-23 22:38:42'),
('P006', 'Radiator', 'radiator bermasalah', '2020-09-23 22:38:48'),
('P007', 'Komstir', 'komstir bermasalah', '2020-09-23 22:39:02'),
('P008', 'Manifold', 'manifold bermasalah', '2020-09-23 22:39:08'),
('P009', 'Roller', 'roller bermasalah', '2020-09-23 22:39:13');

-- --------------------------------------------------------

--
-- Table structure for table `tbl_relasi`
--

CREATE TABLE `tbl_relasi` (
  `id_relasi` int(10) NOT NULL,
  `kode_penyakit` varchar(10) DEFAULT NULL,
  `kode_gejala` varchar(10) DEFAULT NULL,
  `ket` enum('','Ya','Tidak') DEFAULT NULL,
  `tgl_relasi` datetime DEFAULT NULL
) ENGINE=MyISAM DEFAULT CHARSET=latin1;

--
-- Dumping data for table `tbl_relasi`
--

INSERT INTO `tbl_relasi` (`id_relasi`, `kode_penyakit`, `kode_gejala`, `ket`, `tgl_relasi`) VALUES
(196, 'P003', 'G025', 'Tidak', '2020-09-23 22:42:02'),
(195, 'P003', 'G024', 'Tidak', '2020-09-23 22:42:02'),
(194, 'P003', 'G023', 'Tidak', '2020-09-23 22:42:02'),
(193, 'P003', 'G022', 'Tidak', '2020-09-23 22:42:02'),
(192, 'P003', 'G021', 'Tidak', '2020-09-23 22:42:02'),
(191, 'P003', 'G020', 'Tidak', '2020-09-23 22:42:02'),
(190, 'P003', 'G019', 'Tidak', '2020-09-23 22:42:02'),
(189, 'P003', 'G018', 'Tidak', '2020-09-23 22:42:02'),
(188, 'P003', 'G017', 'Tidak', '2020-09-23 22:42:02'),
(187, 'P003', 'G016', 'Tidak', '2020-09-23 22:42:02'),
(186, 'P003', 'G015', 'Tidak', '2020-09-23 22:42:02'),
(185, 'P003', 'G014', 'Tidak', '2020-09-23 22:42:02'),
(184, 'P003', 'G013', 'Tidak', '2020-09-23 22:42:02'),
(183, 'P003', 'G012', 'Tidak', '2020-09-23 22:42:02'),
(182, 'P003', 'G011', 'Tidak', '2020-09-23 22:42:02'),
(181, 'P003', 'G010', 'Tidak', '2020-09-23 22:42:02'),
(180, 'P003', 'G009', 'Tidak', '2020-09-23 22:42:02'),
(179, 'P003', 'G008', 'Ya', '2020-09-23 22:42:02'),
(178, 'P003', 'G007', 'Ya', '2020-09-23 22:42:02'),
(177, 'P003', 'G006', 'Tidak', '2020-09-23 22:42:02'),
(176, 'P003', 'G005', 'Tidak', '2020-09-23 22:42:02'),
(175, 'P003', 'G004', 'Tidak', '2020-09-23 22:42:02'),
(174, 'P003', 'G003', 'Tidak', '2020-09-23 22:42:02'),
(173, 'P003', 'G002', 'Tidak', '2020-09-23 22:42:02'),
(172, 'P003', 'G001', 'Tidak', '2020-09-23 22:42:02'),
(171, 'P002', 'G035', 'Tidak', '2020-09-23 22:41:19'),
(170, 'P002', 'G034', 'Tidak', '2020-09-23 22:41:19'),
(169, 'P002', 'G033', 'Tidak', '2020-09-23 22:41:19'),
(168, 'P002', 'G032', 'Tidak', '2020-09-23 22:41:19'),
(167, 'P002', 'G031', 'Tidak', '2020-09-23 22:41:19'),
(166, 'P002', 'G030', 'Tidak', '2020-09-23 22:41:19'),
(165, 'P002', 'G029', 'Tidak', '2020-09-23 22:41:19'),
(164, 'P002', 'G028', 'Tidak', '2020-09-23 22:41:19'),
(163, 'P002', 'G027', 'Tidak', '2020-09-23 22:41:19'),
(162, 'P002', 'G026', 'Tidak', '2020-09-23 22:41:19'),
(161, 'P002', 'G025', 'Tidak', '2020-09-23 22:41:19'),
(160, 'P002', 'G024', 'Tidak', '2020-09-23 22:41:19'),
(159, 'P002', 'G023', 'Tidak', '2020-09-23 22:41:19'),
(158, 'P002', 'G022', 'Tidak', '2020-09-23 22:41:19'),
(157, 'P002', 'G021', 'Tidak', '2020-09-23 22:41:19'),
(156, 'P002', 'G020', 'Tidak', '2020-09-23 22:41:19'),
(155, 'P002', 'G019', 'Tidak', '2020-09-23 22:41:19'),
(154, 'P002', 'G018', 'Tidak', '2020-09-23 22:41:19'),
(153, 'P002', 'G017', 'Tidak', '2020-09-23 22:41:19'),
(152, 'P002', 'G016', 'Tidak', '2020-09-23 22:41:19'),
(151, 'P002', 'G015', 'Tidak', '2020-09-23 22:41:19'),
(150, 'P002', 'G014', 'Tidak', '2020-09-23 22:41:19'),
(149, 'P002', 'G013', 'Tidak', '2020-09-23 22:41:19'),
(148, 'P002', 'G012', 'Tidak', '2020-09-23 22:41:19'),
(147, 'P002', 'G011', 'Tidak', '2020-09-23 22:41:19'),
(146, 'P002', 'G010', 'Tidak', '2020-09-23 22:41:19'),
(145, 'P002', 'G009', 'Tidak', '2020-09-23 22:41:19'),
(144, 'P002', 'G008', 'Tidak', '2020-09-23 22:41:19'),
(143, 'P002', 'G007', 'Tidak', '2020-09-23 22:41:19'),
(142, 'P002', 'G006', 'Ya', '2020-09-23 22:41:19'),
(141, 'P002', 'G005', 'Ya', '2020-09-23 22:41:19'),
(140, 'P002', 'G004', 'Ya', '2020-09-23 22:41:19'),
(139, 'P002', 'G003', 'Ya', '2020-09-23 22:41:19'),
(138, 'P002', 'G002', 'Tidak', '2020-09-23 22:41:19'),
(137, 'P002', 'G001', 'Tidak', '2020-09-23 22:41:19'),
(556, 'P001', 'G035', 'Tidak', '2020-09-24 09:27:20'),
(555, 'P001', 'G034', 'Tidak', '2020-09-24 09:27:20'),
(554, 'P001', 'G033', 'Tidak', '2020-09-24 09:27:20'),
(553, 'P001', 'G032', 'Tidak', '2020-09-24 09:27:20'),
(552, 'P001', 'G031', 'Tidak', '2020-09-24 09:27:20'),
(551, 'P001', 'G030', 'Tidak', '2020-09-24 09:27:20'),
(550, 'P001', 'G029', 'Tidak', '2020-09-24 09:27:20'),
(549, 'P001', 'G028', 'Tidak', '2020-09-24 09:27:20'),
(548, 'P001', 'G027', 'Tidak', '2020-09-24 09:27:20'),
(547, 'P001', 'G026', 'Tidak', '2020-09-24 09:27:20'),
(546, 'P001', 'G025', 'Tidak', '2020-09-24 09:27:20'),
(545, 'P001', 'G024', 'Tidak', '2020-09-24 09:27:20'),
(544, 'P001', 'G023', 'Tidak', '2020-09-24 09:27:20'),
(543, 'P001', 'G022', 'Tidak', '2020-09-24 09:27:20'),
(542, 'P001', 'G021', 'Tidak', '2020-09-24 09:27:20'),
(541, 'P001', 'G020', 'Tidak', '2020-09-24 09:27:20'),
(540, 'P001', 'G019', 'Tidak', '2020-09-24 09:27:20'),
(539, 'P001', 'G018', 'Tidak', '2020-09-24 09:27:20'),
(538, 'P001', 'G017', 'Tidak', '2020-09-24 09:27:20'),
(537, 'P001', 'G016', 'Tidak', '2020-09-24 09:27:20'),
(536, 'P001', 'G015', 'Tidak', '2020-09-24 09:27:20'),
(535, 'P001', 'G014', 'Tidak', '2020-09-24 09:27:20'),
(534, 'P001', 'G013', 'Tidak', '2020-09-24 09:27:20'),
(533, 'P001', 'G012', 'Tidak', '2020-09-24 09:27:20'),
(532, 'P001', 'G011', 'Tidak', '2020-09-24 09:27:20'),
(531, 'P001', 'G010', 'Tidak', '2020-09-24 09:27:20'),
(530, 'P001', 'G009', 'Tidak', '2020-09-24 09:27:20'),
(529, 'P001', 'G008', 'Tidak', '2020-09-24 09:27:20'),
(528, 'P001', 'G007', 'Tidak', '2020-09-24 09:27:20'),
(527, 'P001', 'G006', 'Tidak', '2020-09-24 09:27:20'),
(526, 'P001', 'G005', 'Tidak', '2020-09-24 09:27:20'),
(525, 'P001', 'G004', 'Ya', '2020-09-24 09:27:20'),
(524, 'P001', 'G003', 'Tidak', '2020-09-24 09:27:20'),
(523, 'P001', 'G002', 'Tidak', '2020-09-24 09:27:20'),
(522, 'P001', 'G001', 'Tidak', '2020-09-24 09:27:20'),
(197, 'P003', 'G026', 'Tidak', '2020-09-23 22:42:02'),
(198, 'P003', 'G027', 'Tidak', '2020-09-23 22:42:02'),
(199, 'P003', 'G028', 'Tidak', '2020-09-23 22:42:02'),
(200, 'P003', 'G029', 'Tidak', '2020-09-23 22:42:02'),
(201, 'P003', 'G030', 'Tidak', '2020-09-23 22:42:02'),
(202, 'P003', 'G031', 'Tidak', '2020-09-23 22:42:02'),
(203, 'P003', 'G032', 'Tidak', '2020-09-23 22:42:02'),
(204, 'P003', 'G033', 'Tidak', '2020-09-23 22:42:02'),
(205, 'P003', 'G034', 'Tidak', '2020-09-23 22:42:02'),
(206, 'P003', 'G035', 'Tidak', '2020-09-23 22:42:02'),
(207, 'P004', 'G001', 'Tidak', '2020-09-23 22:42:58'),
(208, 'P004', 'G002', 'Tidak', '2020-09-23 22:42:58'),
(209, 'P004', 'G003', 'Tidak', '2020-09-23 22:42:58'),
(210, 'P004', 'G004', 'Tidak', '2020-09-23 22:42:58'),
(211, 'P004', 'G005', 'Tidak', '2020-09-23 22:42:58'),
(212, 'P004', 'G006', 'Tidak', '2020-09-23 22:42:58'),
(213, 'P004', 'G007', 'Tidak', '2020-09-23 22:42:58'),
(214, 'P004', 'G008', 'Tidak', '2020-09-23 22:42:58'),
(215, 'P004', 'G009', 'Ya', '2020-09-23 22:42:58'),
(216, 'P004', 'G010', 'Ya', '2020-09-23 22:42:58'),
(217, 'P004', 'G011', 'Ya', '2020-09-23 22:42:58'),
(218, 'P004', 'G012', 'Ya', '2020-09-23 22:42:58'),
(219, 'P004', 'G013', 'Tidak', '2020-09-23 22:42:58'),
(220, 'P004', 'G014', 'Tidak', '2020-09-23 22:42:58'),
(221, 'P004', 'G015', 'Tidak', '2020-09-23 22:42:58'),
(222, 'P004', 'G016', 'Tidak', '2020-09-23 22:42:58'),
(223, 'P004', 'G017', 'Tidak', '2020-09-23 22:42:58'),
(224, 'P004', 'G018', 'Tidak', '2020-09-23 22:42:58'),
(225, 'P004', 'G019', 'Tidak', '2020-09-23 22:42:58'),
(226, 'P004', 'G020', 'Tidak', '2020-09-23 22:42:58'),
(227, 'P004', 'G021', 'Tidak', '2020-09-23 22:42:58'),
(228, 'P004', 'G022', 'Tidak', '2020-09-23 22:42:58'),
(229, 'P004', 'G023', 'Tidak', '2020-09-23 22:42:58'),
(230, 'P004', 'G024', 'Tidak', '2020-09-23 22:42:58'),
(231, 'P004', 'G025', 'Tidak', '2020-09-23 22:42:58'),
(232, 'P004', 'G026', 'Tidak', '2020-09-23 22:42:58'),
(233, 'P004', 'G027', 'Tidak', '2020-09-23 22:42:58'),
(234, 'P004', 'G028', 'Tidak', '2020-09-23 22:42:58'),
(235, 'P004', 'G029', 'Tidak', '2020-09-23 22:42:58'),
(236, 'P004', 'G030', 'Tidak', '2020-09-23 22:42:58'),
(237, 'P004', 'G031', 'Tidak', '2020-09-23 22:42:58'),
(238, 'P004', 'G032', 'Tidak', '2020-09-23 22:42:58'),
(239, 'P004', 'G033', 'Tidak', '2020-09-23 22:42:58'),
(240, 'P004', 'G034', 'Tidak', '2020-09-23 22:42:58'),
(241, 'P004', 'G035', 'Tidak', '2020-09-23 22:42:58'),
(242, 'P005', 'G001', 'Tidak', '2020-09-23 22:43:34'),
(243, 'P005', 'G002', 'Tidak', '2020-09-23 22:43:34'),
(244, 'P005', 'G003', 'Tidak', '2020-09-23 22:43:34'),
(245, 'P005', 'G004', 'Tidak', '2020-09-23 22:43:34'),
(246, 'P005', 'G005', 'Tidak', '2020-09-23 22:43:34'),
(247, 'P005', 'G006', 'Tidak', '2020-09-23 22:43:34'),
(248, 'P005', 'G007', 'Tidak', '2020-09-23 22:43:34'),
(249, 'P005', 'G008', 'Tidak', '2020-09-23 22:43:34'),
(250, 'P005', 'G009', 'Tidak', '2020-09-23 22:43:34'),
(251, 'P005', 'G010', 'Tidak', '2020-09-23 22:43:34'),
(252, 'P005', 'G011', 'Tidak', '2020-09-23 22:43:34'),
(253, 'P005', 'G012', 'Tidak', '2020-09-23 22:43:34'),
(254, 'P005', 'G013', 'Ya', '2020-09-23 22:43:34'),
(255, 'P005', 'G014', 'Ya', '2020-09-23 22:43:34'),
(256, 'P005', 'G015', 'Ya', '2020-09-23 22:43:34'),
(257, 'P005', 'G016', 'Ya', '2020-09-23 22:43:34'),
(258, 'P005', 'G017', 'Tidak', '2020-09-23 22:43:34'),
(259, 'P005', 'G018', 'Tidak', '2020-09-23 22:43:34'),
(260, 'P005', 'G019', 'Tidak', '2020-09-23 22:43:34'),
(261, 'P005', 'G020', 'Tidak', '2020-09-23 22:43:34'),
(262, 'P005', 'G021', 'Tidak', '2020-09-23 22:43:34'),
(263, 'P005', 'G022', 'Tidak', '2020-09-23 22:43:34'),
(264, 'P005', 'G023', 'Tidak', '2020-09-23 22:43:34'),
(265, 'P005', 'G024', 'Tidak', '2020-09-23 22:43:34'),
(266, 'P005', 'G025', 'Tidak', '2020-09-23 22:43:34'),
(267, 'P005', 'G026', 'Tidak', '2020-09-23 22:43:34'),
(268, 'P005', 'G027', 'Tidak', '2020-09-23 22:43:34'),
(269, 'P005', 'G028', 'Tidak', '2020-09-23 22:43:34'),
(270, 'P005', 'G029', 'Tidak', '2020-09-23 22:43:34'),
(271, 'P005', 'G030', 'Tidak', '2020-09-23 22:43:34'),
(272, 'P005', 'G031', 'Tidak', '2020-09-23 22:43:34'),
(273, 'P005', 'G032', 'Tidak', '2020-09-23 22:43:34'),
(274, 'P005', 'G033', 'Tidak', '2020-09-23 22:43:34'),
(275, 'P005', 'G034', 'Tidak', '2020-09-23 22:43:34'),
(276, 'P005', 'G035', 'Tidak', '2020-09-23 22:43:34'),
(277, 'P006', 'G001', 'Tidak', '2020-09-23 22:44:19'),
(278, 'P006', 'G002', 'Tidak', '2020-09-23 22:44:19'),
(279, 'P006', 'G003', 'Tidak', '2020-09-23 22:44:19'),
(280, 'P006', 'G004', 'Tidak', '2020-09-23 22:44:19'),
(281, 'P006', 'G005', 'Tidak', '2020-09-23 22:44:19'),
(282, 'P006', 'G006', 'Tidak', '2020-09-23 22:44:19'),
(283, 'P006', 'G007', 'Tidak', '2020-09-23 22:44:19'),
(284, 'P006', 'G008', '', '2020-09-23 22:44:19'),
(285, 'P006', 'G009', 'Tidak', '2020-09-23 22:44:19'),
(286, 'P006', 'G010', 'Tidak', '2020-09-23 22:44:19'),
(287, 'P006', 'G011', 'Tidak', '2020-09-23 22:44:19'),
(288, 'P006', 'G012', 'Tidak', '2020-09-23 22:44:19'),
(289, 'P006', 'G013', 'Tidak', '2020-09-23 22:44:19'),
(290, 'P006', 'G014', 'Tidak', '2020-09-23 22:44:19'),
(291, 'P006', 'G015', 'Tidak', '2020-09-23 22:44:19'),
(292, 'P006', 'G016', 'Tidak', '2020-09-23 22:44:19'),
(293, 'P006', 'G017', 'Tidak', '2020-09-23 22:44:19'),
(294, 'P006', 'G018', 'Tidak', '2020-09-23 22:44:19'),
(295, 'P006', 'G019', 'Tidak', '2020-09-23 22:44:19'),
(296, 'P006', 'G020', 'Ya', '2020-09-23 22:44:19'),
(297, 'P006', 'G021', 'Ya', '2020-09-23 22:44:19'),
(298, 'P006', 'G022', 'Ya', '2020-09-23 22:44:19'),
(299, 'P006', 'G023', 'Tidak', '2020-09-23 22:44:19'),
(300, 'P006', 'G024', 'Tidak', '2020-09-23 22:44:19'),
(301, 'P006', 'G025', 'Tidak', '2020-09-23 22:44:19'),
(302, 'P006', 'G026', 'Tidak', '2020-09-23 22:44:19'),
(303, 'P006', 'G027', 'Tidak', '2020-09-23 22:44:19'),
(304, 'P006', 'G028', 'Tidak', '2020-09-23 22:44:19'),
(305, 'P006', 'G029', 'Tidak', '2020-09-23 22:44:19'),
(306, 'P006', 'G030', 'Tidak', '2020-09-23 22:44:19'),
(307, 'P006', 'G031', 'Tidak', '2020-09-23 22:44:19'),
(308, 'P006', 'G032', 'Tidak', '2020-09-23 22:44:19'),
(309, 'P006', 'G033', 'Tidak', '2020-09-23 22:44:19'),
(310, 'P006', 'G034', 'Tidak', '2020-09-23 22:44:19'),
(311, 'P006', 'G035', 'Tidak', '2020-09-23 22:44:19'),
(312, 'P007', 'G001', 'Tidak', '2020-09-23 22:45:08'),
(313, 'P007', 'G002', 'Tidak', '2020-09-23 22:45:08'),
(314, 'P007', 'G003', 'Tidak', '2020-09-23 22:45:08'),
(315, 'P007', 'G004', 'Tidak', '2020-09-23 22:45:08'),
(316, 'P007', 'G005', 'Tidak', '2020-09-23 22:45:08'),
(317, 'P007', 'G006', 'Tidak', '2020-09-23 22:45:08'),
(318, 'P007', 'G007', 'Tidak', '2020-09-23 22:45:08'),
(319, 'P007', 'G008', 'Tidak', '2020-09-23 22:45:08'),
(320, 'P007', 'G009', 'Tidak', '2020-09-23 22:45:08'),
(321, 'P007', 'G010', 'Tidak', '2020-09-23 22:45:08'),
(322, 'P007', 'G011', 'Tidak', '2020-09-23 22:45:08'),
(323, 'P007', 'G012', 'Tidak', '2020-09-23 22:45:08'),
(324, 'P007', 'G013', 'Tidak', '2020-09-23 22:45:08'),
(325, 'P007', 'G014', 'Tidak', '2020-09-23 22:45:08'),
(326, 'P007', 'G015', 'Tidak', '2020-09-23 22:45:08'),
(327, 'P007', 'G016', 'Tidak', '2020-09-23 22:45:08'),
(328, 'P007', 'G017', 'Ya', '2020-09-23 22:45:08'),
(329, 'P007', 'G018', 'Ya', '2020-09-23 22:45:08'),
(330, 'P007', 'G019', 'Ya', '2020-09-23 22:45:08'),
(331, 'P007', 'G020', 'Tidak', '2020-09-23 22:45:08'),
(332, 'P007', 'G021', 'Tidak', '2020-09-23 22:45:08'),
(333, 'P007', 'G022', 'Tidak', '2020-09-23 22:45:08'),
(334, 'P007', 'G023', 'Tidak', '2020-09-23 22:45:08'),
(335, 'P007', 'G024', 'Tidak', '2020-09-23 22:45:08'),
(336, 'P007', 'G025', 'Tidak', '2020-09-23 22:45:08'),
(337, 'P007', 'G026', 'Tidak', '2020-09-23 22:45:08'),
(338, 'P007', 'G027', 'Tidak', '2020-09-23 22:45:08'),
(339, 'P007', 'G028', 'Tidak', '2020-09-23 22:45:08'),
(340, 'P007', 'G029', 'Tidak', '2020-09-23 22:45:08'),
(341, 'P007', 'G030', 'Tidak', '2020-09-23 22:45:08'),
(342, 'P007', 'G031', 'Tidak', '2020-09-23 22:45:08'),
(343, 'P007', 'G032', 'Tidak', '2020-09-23 22:45:08'),
(344, 'P007', 'G033', 'Tidak', '2020-09-23 22:45:08'),
(345, 'P007', 'G034', 'Tidak', '2020-09-23 22:45:08'),
(346, 'P007', 'G035', 'Tidak', '2020-09-23 22:45:08'),
(347, 'P008', 'G001', 'Tidak', '2020-09-23 22:45:53'),
(348, 'P008', 'G002', 'Tidak', '2020-09-23 22:45:53'),
(349, 'P008', 'G003', 'Tidak', '2020-09-23 22:45:53'),
(350, 'P008', 'G004', 'Tidak', '2020-09-23 22:45:53'),
(351, 'P008', 'G005', 'Tidak', '2020-09-23 22:45:53'),
(352, 'P008', 'G006', 'Tidak', '2020-09-23 22:45:53'),
(353, 'P008', 'G007', 'Tidak', '2020-09-23 22:45:53'),
(354, 'P008', 'G008', 'Tidak', '2020-09-23 22:45:53'),
(355, 'P008', 'G009', 'Tidak', '2020-09-23 22:45:53'),
(356, 'P008', 'G010', 'Tidak', '2020-09-23 22:45:53'),
(357, 'P008', 'G011', 'Tidak', '2020-09-23 22:45:53'),
(358, 'P008', 'G012', 'Tidak', '2020-09-23 22:45:53'),
(359, 'P008', 'G013', 'Tidak', '2020-09-23 22:45:53'),
(360, 'P008', 'G014', 'Tidak', '2020-09-23 22:45:53'),
(361, 'P008', 'G015', 'Tidak', '2020-09-23 22:45:53'),
(362, 'P008', 'G016', 'Tidak', '2020-09-23 22:45:53'),
(363, 'P008', 'G017', 'Tidak', '2020-09-23 22:45:53'),
(364, 'P008', 'G018', 'Tidak', '2020-09-23 22:45:53'),
(365, 'P008', 'G019', 'Tidak', '2020-09-23 22:45:53'),
(366, 'P008', 'G020', 'Tidak', '2020-09-23 22:45:53'),
(367, 'P008', 'G021', 'Tidak', '2020-09-23 22:45:53'),
(368, 'P008', 'G022', 'Tidak', '2020-09-23 22:45:53'),
(369, 'P008', 'G023', 'Ya', '2020-09-23 22:45:53'),
(370, 'P008', 'G024', 'Tidak', '2020-09-23 22:45:53'),
(371, 'P008', 'G025', 'Tidak', '2020-09-23 22:45:53'),
(372, 'P008', 'G026', 'Tidak', '2020-09-23 22:45:53'),
(373, 'P008', 'G027', 'Tidak', '2020-09-23 22:45:53'),
(374, 'P008', 'G028', 'Tidak', '2020-09-23 22:45:53'),
(375, 'P008', 'G029', 'Tidak', '2020-09-23 22:45:53'),
(376, 'P008', 'G030', 'Tidak', '2020-09-23 22:45:53'),
(377, 'P008', 'G031', 'Tidak', '2020-09-23 22:45:53'),
(378, 'P008', 'G032', 'Tidak', '2020-09-23 22:45:53'),
(379, 'P008', 'G033', 'Tidak', '2020-09-23 22:45:53'),
(380, 'P008', 'G034', 'Tidak', '2020-09-23 22:45:53'),
(381, 'P008', 'G035', 'Tidak', '2020-09-23 22:45:53'),
(382, 'P009', 'G001', 'Tidak', '2020-09-23 22:46:54'),
(383, 'P009', 'G002', 'Tidak', '2020-09-23 22:46:54'),
(384, 'P009', 'G003', 'Tidak', '2020-09-23 22:46:54'),
(385, 'P009', 'G004', 'Tidak', '2020-09-23 22:46:54'),
(386, 'P009', 'G005', 'Tidak', '2020-09-23 22:46:54'),
(387, 'P009', 'G006', 'Tidak', '2020-09-23 22:46:54'),
(388, 'P009', 'G007', 'Tidak', '2020-09-23 22:46:54'),
(389, 'P009', 'G008', 'Tidak', '2020-09-23 22:46:54'),
(390, 'P009', 'G009', 'Tidak', '2020-09-23 22:46:54'),
(391, 'P009', 'G010', 'Tidak', '2020-09-23 22:46:54'),
(392, 'P009', 'G011', 'Tidak', '2020-09-23 22:46:54'),
(393, 'P009', 'G012', 'Tidak', '2020-09-23 22:46:54'),
(394, 'P009', 'G013', 'Tidak', '2020-09-23 22:46:54'),
(395, 'P009', 'G014', 'Tidak', '2020-09-23 22:46:54'),
(396, 'P009', 'G015', 'Tidak', '2020-09-23 22:46:54'),
(397, 'P009', 'G016', 'Tidak', '2020-09-23 22:46:54'),
(398, 'P009', 'G017', 'Tidak', '2020-09-23 22:46:54'),
(399, 'P009', 'G018', 'Tidak', '2020-09-23 22:46:54'),
(400, 'P009', 'G019', 'Tidak', '2020-09-23 22:46:54'),
(401, 'P009', 'G020', 'Tidak', '2020-09-23 22:46:54'),
(402, 'P009', 'G021', 'Tidak', '2020-09-23 22:46:54'),
(403, 'P009', 'G022', 'Tidak', '2020-09-23 22:46:54'),
(404, 'P009', 'G023', 'Tidak', '2020-09-23 22:46:54'),
(405, 'P009', 'G024', 'Ya', '2020-09-23 22:46:54'),
(406, 'P009', 'G025', 'Ya', '2020-09-23 22:46:54'),
(407, 'P009', 'G026', 'Tidak', '2020-09-23 22:46:54'),
(408, 'P009', 'G027', 'Tidak', '2020-09-23 22:46:54'),
(409, 'P009', 'G028', 'Tidak', '2020-09-23 22:46:54'),
(410, 'P009', 'G029', 'Tidak', '2020-09-23 22:46:54'),
(411, 'P009', 'G030', 'Tidak', '2020-09-23 22:46:54'),
(412, 'P009', 'G031', 'Tidak', '2020-09-23 22:46:54'),
(413, 'P009', 'G032', 'Tidak', '2020-09-23 22:46:54'),
(414, 'P009', 'G033', 'Tidak', '2020-09-23 22:46:54'),
(415, 'P009', 'G034', 'Tidak', '2020-09-23 22:46:54'),
(416, 'P009', 'G035', 'Tidak', '2020-09-23 22:46:54'),
(417, 'P010', 'G001', 'Tidak', '2020-09-23 22:47:31'),
(418, 'P010', 'G002', 'Tidak', '2020-09-23 22:47:31'),
(419, 'P010', 'G003', 'Tidak', '2020-09-23 22:47:31'),
(420, 'P010', 'G004', 'Tidak', '2020-09-23 22:47:31'),
(421, 'P010', 'G005', 'Tidak', '2020-09-23 22:47:31'),
(422, 'P010', 'G006', 'Tidak', '2020-09-23 22:47:31'),
(423, 'P010', 'G007', 'Tidak', '2020-09-23 22:47:31'),
(424, 'P010', 'G008', 'Tidak', '2020-09-23 22:47:31'),
(425, 'P010', 'G009', 'Tidak', '2020-09-23 22:47:31'),
(426, 'P010', 'G010', 'Tidak', '2020-09-23 22:47:31'),
(427, 'P010', 'G011', 'Tidak', '2020-09-23 22:47:31'),
(428, 'P010', 'G012', 'Tidak', '2020-09-23 22:47:31'),
(429, 'P010', 'G013', 'Tidak', '2020-09-23 22:47:31'),
(430, 'P010', 'G014', 'Tidak', '2020-09-23 22:47:31'),
(431, 'P010', 'G015', 'Tidak', '2020-09-23 22:47:31'),
(432, 'P010', 'G016', 'Tidak', '2020-09-23 22:47:31'),
(433, 'P010', 'G017', 'Tidak', '2020-09-23 22:47:31'),
(434, 'P010', 'G018', 'Tidak', '2020-09-23 22:47:31'),
(435, 'P010', 'G019', 'Tidak', '2020-09-23 22:47:31'),
(436, 'P010', 'G020', 'Tidak', '2020-09-23 22:47:31'),
(437, 'P010', 'G021', 'Tidak', '2020-09-23 22:47:31'),
(438, 'P010', 'G022', 'Tidak', '2020-09-23 22:47:31'),
(439, 'P010', 'G023', 'Tidak', '2020-09-23 22:47:31'),
(440, 'P010', 'G024', 'Tidak', '2020-09-23 22:47:31'),
(441, 'P010', 'G025', 'Tidak', '2020-09-23 22:47:31'),
(442, 'P010', 'G026', 'Ya', '2020-09-23 22:47:31'),
(443, 'P010', 'G027', 'Ya', '2020-09-23 22:47:31'),
(444, 'P010', 'G028', 'Ya', '2020-09-23 22:47:31'),
(445, 'P010', 'G029', 'Tidak', '2020-09-23 22:47:31'),
(446, 'P010', 'G030', 'Tidak', '2020-09-23 22:47:31'),
(447, 'P010', 'G031', 'Tidak', '2020-09-23 22:47:31'),
(448, 'P010', 'G032', 'Tidak', '2020-09-23 22:47:31'),
(449, 'P010', 'G033', 'Tidak', '2020-09-23 22:47:31'),
(450, 'P010', 'G034', 'Tidak', '2020-09-23 22:47:31'),
(451, 'P010', 'G035', 'Tidak', '2020-09-23 22:47:31'),
(452, 'P011', 'G001', 'Tidak', '2020-09-23 22:48:07'),
(453, 'P011', 'G002', 'Tidak', '2020-09-23 22:48:07'),
(454, 'P011', 'G003', 'Tidak', '2020-09-23 22:48:07'),
(455, 'P011', 'G004', 'Tidak', '2020-09-23 22:48:07'),
(456, 'P011', 'G005', 'Tidak', '2020-09-23 22:48:07'),
(457, 'P011', 'G006', 'Tidak', '2020-09-23 22:48:07'),
(458, 'P011', 'G007', 'Tidak', '2020-09-23 22:48:07'),
(459, 'P011', 'G008', 'Tidak', '2020-09-23 22:48:07'),
(460, 'P011', 'G009', 'Tidak', '2020-09-23 22:48:07'),
(461, 'P011', 'G010', 'Tidak', '2020-09-23 22:48:07'),
(462, 'P011', 'G011', 'Tidak', '2020-09-23 22:48:07'),
(463, 'P011', 'G012', 'Tidak', '2020-09-23 22:48:07'),
(464, 'P011', 'G013', 'Tidak', '2020-09-23 22:48:07'),
(465, 'P011', 'G014', 'Tidak', '2020-09-23 22:48:07'),
(466, 'P011', 'G015', 'Tidak', '2020-09-23 22:48:07'),
(467, 'P011', 'G016', 'Tidak', '2020-09-23 22:48:07'),
(468, 'P011', 'G017', 'Tidak', '2020-09-23 22:48:07'),
(469, 'P011', 'G018', 'Tidak', '2020-09-23 22:48:07'),
(470, 'P011', 'G019', 'Tidak', '2020-09-23 22:48:07'),
(471, 'P011', 'G020', 'Tidak', '2020-09-23 22:48:07'),
(472, 'P011', 'G021', 'Tidak', '2020-09-23 22:48:07'),
(473, 'P011', 'G022', 'Tidak', '2020-09-23 22:48:07'),
(474, 'P011', 'G023', 'Tidak', '2020-09-23 22:48:07'),
(475, 'P011', 'G024', 'Tidak', '2020-09-23 22:48:07'),
(476, 'P011', 'G025', 'Tidak', '2020-09-23 22:48:07'),
(477, 'P011', 'G026', 'Tidak', '2020-09-23 22:48:07'),
(478, 'P011', 'G027', 'Tidak', '2020-09-23 22:48:07'),
(479, 'P011', 'G028', 'Tidak', '2020-09-23 22:48:07'),
(480, 'P011', 'G029', 'Ya', '2020-09-23 22:48:07'),
(481, 'P011', 'G030', 'Ya', '2020-09-23 22:48:07'),
(482, 'P011', 'G031', 'Ya', '2020-09-23 22:48:07'),
(483, 'P011', 'G032', 'Tidak', '2020-09-23 22:48:07'),
(484, 'P011', 'G033', 'Tidak', '2020-09-23 22:48:07'),
(485, 'P011', 'G034', 'Tidak', '2020-09-23 22:48:07'),
(486, 'P011', 'G035', 'Tidak', '2020-09-23 22:48:07'),
(487, 'P012', 'G001', 'Tidak', '2020-09-23 22:48:40'),
(488, 'P012', 'G002', 'Tidak', '2020-09-23 22:48:40'),
(489, 'P012', 'G003', 'Tidak', '2020-09-23 22:48:40'),
(490, 'P012', 'G004', 'Tidak', '2020-09-23 22:48:40'),
(491, 'P012', 'G005', 'Tidak', '2020-09-23 22:48:40'),
(492, 'P012', 'G006', 'Tidak', '2020-09-23 22:48:40'),
(493, 'P012', 'G007', 'Tidak', '2020-09-23 22:48:40'),
(494, 'P012', 'G008', 'Tidak', '2020-09-23 22:48:40'),
(495, 'P012', 'G009', 'Tidak', '2020-09-23 22:48:40'),
(496, 'P012', 'G010', 'Tidak', '2020-09-23 22:48:40'),
(497, 'P012', 'G011', 'Tidak', '2020-09-23 22:48:40'),
(498, 'P012', 'G012', 'Tidak', '2020-09-23 22:48:40'),
(499, 'P012', 'G013', 'Tidak', '2020-09-23 22:48:40'),
(500, 'P012', 'G014', 'Tidak', '2020-09-23 22:48:40'),
(501, 'P012', 'G015', 'Tidak', '2020-09-23 22:48:40'),
(502, 'P012', 'G016', 'Tidak', '2020-09-23 22:48:40'),
(503, 'P012', 'G017', 'Tidak', '2020-09-23 22:48:40'),
(504, 'P012', 'G018', 'Tidak', '2020-09-23 22:48:40'),
(505, 'P012', 'G019', 'Tidak', '2020-09-23 22:48:40'),
(506, 'P012', 'G020', 'Tidak', '2020-09-23 22:48:40'),
(507, 'P012', 'G021', 'Tidak', '2020-09-23 22:48:40'),
(508, 'P012', 'G022', 'Tidak', '2020-09-23 22:48:40'),
(509, 'P012', 'G023', 'Tidak', '2020-09-23 22:48:40'),
(510, 'P012', 'G024', 'Tidak', '2020-09-23 22:48:40'),
(511, 'P012', 'G025', 'Tidak', '2020-09-23 22:48:40'),
(512, 'P012', 'G026', 'Tidak', '2020-09-23 22:48:40'),
(513, 'P012', 'G027', 'Tidak', '2020-09-23 22:48:40'),
(514, 'P012', 'G028', 'Tidak', '2020-09-23 22:48:40'),
(515, 'P012', 'G029', 'Tidak', '2020-09-23 22:48:40'),
(516, 'P012', 'G030', 'Tidak', '2020-09-23 22:48:40'),
(517, 'P012', 'G031', 'Tidak', '2020-09-23 22:48:40'),
(518, 'P012', 'G032', 'Ya', '2020-09-23 22:48:40'),
(519, 'P012', 'G033', 'Ya', '2020-09-23 22:48:40'),
(520, 'P012', 'G034', 'Ya', '2020-09-23 22:48:40'),
(521, 'P012', 'G035', 'Ya', '2020-09-23 22:48:40'),
(557, 'P013', 'G001', 'Ya', '2020-09-24 08:54:54'),
(558, 'P013', 'G002', 'Ya', '2020-09-24 08:54:54'),
(559, 'P013', 'G003', 'Ya', '2020-09-24 08:54:54'),
(560, 'P013', 'G004', 'Tidak', '2020-09-24 08:54:54'),
(561, 'P013', 'G005', 'Tidak', '2020-09-24 08:54:54'),
(562, 'P013', 'G006', 'Tidak', '2020-09-24 08:54:54'),
(563, 'P013', 'G007', 'Tidak', '2020-09-24 08:54:54'),
(564, 'P013', 'G008', 'Tidak', '2020-09-24 08:54:54'),
(565, 'P013', 'G009', 'Tidak', '2020-09-24 08:54:54'),
(566, 'P013', 'G010', 'Tidak', '2020-09-24 08:54:54'),
(567, 'P013', 'G011', 'Tidak', '2020-09-24 08:54:54'),
(568, 'P013', 'G012', 'Tidak', '2020-09-24 08:54:54'),
(569, 'P013', 'G013', 'Tidak', '2020-09-24 08:54:54'),
(570, 'P013', 'G014', 'Tidak', '2020-09-24 08:54:54'),
(571, 'P013', 'G015', 'Tidak', '2020-09-24 08:54:54'),
(572, 'P013', 'G016', 'Tidak', '2020-09-24 08:54:54'),
(573, 'P013', 'G017', 'Tidak', '2020-09-24 08:54:54'),
(574, 'P013', 'G018', 'Tidak', '2020-09-24 08:54:54'),
(575, 'P013', 'G019', 'Tidak', '2020-09-24 08:54:54'),
(576, 'P013', 'G020', 'Tidak', '2020-09-24 08:54:54'),
(577, 'P013', 'G021', 'Tidak', '2020-09-24 08:54:54'),
(578, 'P013', 'G022', 'Tidak', '2020-09-24 08:54:54'),
(579, 'P013', 'G023', 'Tidak', '2020-09-24 08:54:54'),
(580, 'P013', 'G024', 'Tidak', '2020-09-24 08:54:54'),
(581, 'P013', 'G025', 'Tidak', '2020-09-24 08:54:54'),
(582, 'P013', 'G026', 'Tidak', '2020-09-24 08:54:54'),
(583, 'P013', 'G027', 'Tidak', '2020-09-24 08:54:54'),
(584, 'P013', 'G028', 'Tidak', '2020-09-24 08:54:54'),
(585, 'P013', 'G029', 'Tidak', '2020-09-24 08:54:54'),
(586, 'P013', 'G030', 'Tidak', '2020-09-24 08:54:54'),
(587, 'P013', 'G031', 'Tidak', '2020-09-24 08:54:54'),
(588, 'P013', 'G032', 'Tidak', '2020-09-24 08:54:54'),
(589, 'P013', 'G033', 'Tidak', '2020-09-24 08:54:54'),
(590, 'P013', 'G034', 'Tidak', '2020-09-24 08:54:54'),
(591, 'P013', 'G035', 'Tidak', '2020-09-24 08:54:54');

-- --------------------------------------------------------

--
-- Table structure for table `tbl_user`
--

CREATE TABLE `tbl_user` (
  `id_user` int(100) NOT NULL,
  `nama` varchar(100) DEFAULT NULL,
  `email` text,
  `no_hp` varchar(14) DEFAULT NULL,
  `alamat` text,
  `username` varchar(100) DEFAULT NULL,
  `password` varchar(100) DEFAULT NULL,
  `tgl_daftar` datetime DEFAULT NULL
) ENGINE=MyISAM DEFAULT CHARSET=latin1;

--
-- Dumping data for table `tbl_user`
--

INSERT INTO `tbl_user` (`id_user`, `nama`, `email`, `no_hp`, `alamat`, `username`, `password`, `tgl_daftar`) VALUES
(3, 'user', 'user@user.com', '081234567890', 'user', 'user', 'user', '2019-11-17 17:47:52'),
(10, 'anggota', 'anggota@gmail.com', '8789687686', 'anggota', 'anggota', 'anggota', '2020-09-23 22:58:17');

--
-- Indexes for dumped tables
--

--
-- Indexes for table `tbl_diagnosa`
--
ALTER TABLE `tbl_diagnosa`
  ADD PRIMARY KEY (`id_diagnosa`);

--
-- Indexes for table `tbl_gejala`
--
ALTER TABLE `tbl_gejala`
  ADD PRIMARY KEY (`kode_gejala`);

--
-- Indexes for table `tbl_pakar`
--
ALTER TABLE `tbl_pakar`
  ADD PRIMARY KEY (`id_pakar`);

--
-- Indexes for table `tbl_penyakit`
--
ALTER TABLE `tbl_penyakit`
  ADD PRIMARY KEY (`kode_penyakit`);

--
-- Indexes for table `tbl_relasi`
--
ALTER TABLE `tbl_relasi`
  ADD PRIMARY KEY (`id_relasi`);

--
-- Indexes for table `tbl_user`
--
ALTER TABLE `tbl_user`
  ADD PRIMARY KEY (`id_user`);

--
-- AUTO_INCREMENT for dumped tables
--

--
-- AUTO_INCREMENT for table `tbl_diagnosa`
--
ALTER TABLE `tbl_diagnosa`
  MODIFY `id_diagnosa` int(10) NOT NULL AUTO_INCREMENT, AUTO_INCREMENT=647;

--
-- AUTO_INCREMENT for table `tbl_pakar`
--
ALTER TABLE `tbl_pakar`
  MODIFY `id_pakar` int(11) NOT NULL AUTO_INCREMENT, AUTO_INCREMENT=2;

--
-- AUTO_INCREMENT for table `tbl_relasi`
--
ALTER TABLE `tbl_relasi`
  MODIFY `id_relasi` int(10) NOT NULL AUTO_INCREMENT, AUTO_INCREMENT=592;

--
-- AUTO_INCREMENT for table `tbl_user`
--
ALTER TABLE `tbl_user`
  MODIFY `id_user` int(100) NOT NULL AUTO_INCREMENT, AUTO_INCREMENT=11;
COMMIT;

/*!40101 SET CHARACTER_SET_CLIENT=@OLD_CHARACTER_SET_CLIENT */;
/*!40101 SET CHARACTER_SET_RESULTS=@OLD_CHARACTER_SET_RESULTS */;
/*!40101 SET COLLATION_CONNECTION=@OLD_COLLATION_CONNECTION */;
